antecedents,consequents,antecedent support,consequent support,support,confidence,lift,representativity,leverage,conviction,zhangs_metric,jaccard,certainty,kulczynski
"frozenset({'number_outpatient_high', 'admission_source_Emergency_Room'})","frozenset({'total_visits_high', 'admission_type_Emergency'})",0.06156857702144684,0.12683784131338677,0.05588180662122966,0.9076351821768393,7.1558706201431175,1.0,0.04807258121909235,9.453406386383465,0.916694154988383,0.42167115902964963,0.8942180247915309,0.6741059768043146
"frozenset({'number_inpatient_high', 'admission_type_Emergency'})","frozenset({'total_visits_high', 'admission_source_Emergency_Room'})",0.057096317887607696,0.13695400574392388,0.05252404017889037,0.9199199199199201,6.716999002132023,1.0,0.04470447073095404,10.777286853272768,0.9026627085313792,0.371125694093892,0.9072122683923619,0.6517179150981969
"frozenset({'admission_type_Emergency', 'number_outpatient_high'})","frozenset({'total_visits_high', 'admission_source_Emergency_Room'})",0.06158286538928658,0.13695400574392388,0.05588180662122966,0.9074245939675174,6.625761612728705,1.0,0.04744778652097801,9.322627155999218,0.9047937457431302,0.3917267628205128,0.8927340991689785,0.6577289897328458
"frozenset({'number_inpatient_high', 'admission_source_Emergency_Room'})","frozenset({'total_visits_high', 'admission_type_Emergency'})",0.06422621343963879,0.12683784131338677,0.05252404017889037,0.817797552836485,6.447583342386738,1.0,0.04437772591047376,4.792263618188434,0.9028924954211156,0.37912541254125415,0.7913303441395366,0.6159507083772378
"frozenset({'n_active_meds_high', 'admission_type_Elective'})","frozenset({'admission_source_Physician_Referral', 'change'})",0.06415477160044009,0.13996885135810935,0.056096132138825784,0.8743875278396437,6.2470150991132245,1.0,0.04711646244877033,6.846701874826401,0.8975026260083652,0.378957528957529,0.8539442759035926,0.6375816773538766
"frozenset({'admission_source_Physician_Referral', 'n_active_meds_high'})","frozenset({'change', 'admission_type_Elective'})",0.09900410076157,0.09108834497835312,0.056096132138825784,0.5666041275797374,6.220380090497739,1.0,0.04707801245438426,2.0971857667815494,0.9314560924568761,0.418639368735338,0.5231705193504855,0.5912236324173197
"frozenset({'change', 'admission_type_Elective'})","frozenset({'admission_source_Physician_Referral', 'n_active_meds_high'})",0.09108834497835312,0.09900410076157,0.056096132138825784,0.615843137254902,6.220380090497739,1.0,0.04707801245438426,2.345385405326661,0.9233439960722143,0.418639368735338,0.5736308421938348,0.5912236324173197
"frozenset({'number_inpatient_high', 'diabetesMed'})","frozenset({'total_visits_high', 'insulin'})",0.09257433523368626,0.14009744666866703,0.06462628773915155,0.6981015588825435,4.982971320908983,1.0,0.051656859745862885,2.848317302164471,0.8808617125759405,0.38457614148456765,0.6489155196157087,0.579698408202108
"frozenset({'total_visits_high', 'change'})","frozenset({'number_outpatient_high', 'diabetesMed'})",0.12615199965707918,0.10351922499892838,0.06331175789789532,0.5018688413183826,4.848073788454057,1.0,0.05025260066132941,1.799688213388918,0.9083187374664241,0.38057201752125736,0.44434819733750347,0.5567315221084667
"frozenset({'number_outpatient_high', 'diabetesMed'})","frozenset({'total_visits_high', 'change'})",0.10351922499892838,0.12615199965707918,0.06331175789789532,0.6115942028985507,4.848073788454056,1.0,0.05025260066132941,2.249832538196326,0.8853870986894196,0.38057201752125736,0.5555224742185956,0.5567315221084667
"frozenset({'number_inpatient_high', 'insulin'})","frozenset({'total_visits_high', 'diabetesMed'})",0.06462628773915155,0.20738137082601055,0.06462628773915155,1.0,4.822033898305085,1.0,0.0512239995964101,inf,0.8473817670780888,0.3116301501998071,1.0,0.6558150750999036
"frozenset({'number_outpatient_high', 'change'})","frozenset({'total_visits_high', 'diabetesMed'})",0.06331175789789532,0.20738137082601055,0.06331175789789532,1.0,4.822033898305085,1.0,0.05018207875562529,inf,0.8461925681859784,0.3052914427449359,1.0,0.6526457213724679
"frozenset({'number_inpatient_high', 'change'})","frozenset({'total_visits_high', 'diabetesMed'})",0.05352422592767228,0.20738137082601055,0.05352422592767228,1.0,4.822033898305085,1.0,0.04242429858239051,inf,0.8374420676016365,0.25809563180377565,1.0,0.6290478159018879
"frozenset({'insulin', 'number_outpatient_high'})","frozenset({'total_visits_high', 'diabetesMed'})",0.06581222226985012,0.20738137082601055,0.06581222226985012,1.0,4.822033898305085,1.0,0.0521639933984225,inf,0.8484575029442804,0.31734876670800605,1.0,0.658674383354003
"frozenset({'insulin', 'admission_type_Elective'})","frozenset({'admission_source_Physician_Referral', 'change'})",0.09054538700044294,0.13996885135810935,0.059096689385171534,0.6526747672400189,4.663000095429482,1.0,0.04642315557094405,2.4761551062897142,0.863754803302028,0.3447528548803868,0.5961480775336381,0.5374439577318919
"frozenset({'number_inpatient_high', 'diabetesMed'})","frozenset({'total_visits_high', 'change'})",0.09257433523368626,0.12615199965707918,0.05352422592767228,0.5781756443895663,4.583166703351747,1.0,0.04184578842101796,2.0715920944829063,0.8615694703688638,0.3239923888600588,0.5172794863123806,0.5012296276087598
"frozenset({'number_outpatient_high', 'diabetesMed'})","frozenset({'total_visits_high', 'insulin'})",0.10351922499892838,0.14009744666866703,0.06581222226985012,0.6357487922705314,4.537904204450554,1.0,0.05130944316638101,2.3607404315594946,0.8696605406480091,0.3701382192221151,0.5764040863487037,0.5527545593173158
"frozenset({'number_inpatient_high', 'diabetesMed'})","frozenset({'total_visits_high', 'num_lab_procedures_high'})",0.09257433523368626,0.130752854101476,0.05403860716990298,0.583732057416268,4.464392471029652,1.0,0.04193424862155168,2.088191419457374,0.8551723701777085,0.3192099932478055,0.5211166990333412,0.49851011132205597
"frozenset({'number_inpatient_high', 'race_Caucasian'})","frozenset({'total_visits_high', 'num_lab_procedures_high'})",0.0916598796919428,0.130752854101476,0.05348136082415306,0.5834762275915822,4.4624358802810695,1.0,0.041496569947833614,2.086908847656823,0.8542033175743359,0.31658631481011584,0.5208223870808742,0.4962512817555769
"frozenset({'number_inpatient_high', 'diabetesMed'})","frozenset({'total_visits_high', 'time_in_hospital_high'})",0.09257433523368626,0.13235315129952704,0.05386714675582608,0.5818799197407006,4.39641908052385,1.0,0.04161464175818887,2.0751140393984358,0.8513558600107024,0.31490143668559967,0.5180987738438247,0.4944377467644451
"frozenset({'total_visits_high', 'num_lab_procedures_high'})",frozenset({'number_inpatient_high'}),0.130752854101476,0.11709317444668295,0.06729821252518325,0.5146978472298109,4.39562638609796,1.0,0.05198794577047744,1.8192930332444053,0.8887013800215231,0.3727445394112061,0.45033593724224463,0.5447192713879379
frozenset({'number_inpatient_high'}),"frozenset({'total_visits_high', 'num_lab_procedures_high'})",0.11709317444668295,0.130752854101476,0.06729821252518325,0.5747406955460648,4.39562638609796,1.0,0.05198794577047744,2.044040275649471,0.8749520513171509,0.3727445394112061,0.5107728492863179,0.5447192713879379
"frozenset({'total_visits_high', 'race_Caucasian', 'num_lab_procedures_high'})",frozenset({'number_inpatient_high'}),0.10400502950547959,0.11709317444668295,0.05348136082415306,0.5142189861244677,4.391536812921674,1.0,0.04130308176093553,1.817499655883087,0.8619348407218385,0.3190691330662348,0.44979356845373386,0.4854804509633931
"frozenset({'total_visits_high', 'num_lab_procedures_high', 'diabetesMed'})",frozenset({'number_inpatient_high'}),0.10530527097889608,0.11709317444668295,0.05403860716990298,0.5131614654002714,4.382505366561171,1.0,0.04170807870501589,1.813551645576351,0.8626629753965728,0.320970890265637,0.44859579685022005,0.4873311902962309
"frozenset({'admission_type_Emergency', 'metformin'})","frozenset({'admission_source_Emergency_Room', 'n_active_meds_high'})",0.10367639704516553,0.1582579621929787,0.0717704716590224,0.6922546857772879,4.3742171084773425,1.0,0.055362856335144345,2.735190428270376,0.8606129075227826,0.3774137801487715,0.634394742806862,0.5728788777387703
"frozenset({'admission_source_Emergency_Room', 'metformin'})","frozenset({'admission_type_Emergency', 'n_active_meds_high'})",0.11046337176904282,0.14922771371826196,0.0717704716590224,0.6497218988487906,4.353895685056521,1.0,0.055286275240317734,2.428848059543618,0.8659796681602332,0.381919099756691,0.5882821916048958,0.5653339482754103
frozenset({'number_inpatient_high'}),"frozenset({'total_visits_high', 'time_in_hospital_high'})",0.11709317444668295,0.13235315129952704,0.06715532884678584,0.5735204392922515,4.333258661853266,1.0,0.05165767821310209,2.0344394635480336,0.8712434543616471,0.3683963003605581,0.5084641160784337,0.540457725853618
"frozenset({'total_visits_high', 'time_in_hospital_high'})",frozenset({'number_inpatient_high'}),0.13235315129952704,0.11709317444668295,0.06715532884678584,0.5073950124149844,4.333258661853266,1.0,0.05165767821310209,1.7923221400614457,0.8865666875027154,0.3683963003605581,0.44206458334230186,0.540457725853618
"frozenset({'number_outpatient_high', 'age_num_high'})","frozenset({'total_visits_high', 'race_Caucasian'})",0.060311200651549574,0.2042093531655879,0.053295612042236415,0.8836768538261075,4.327308422105219,1.0,0.040979500768543495,6.8412063549654825,0.8182596938255131,0.252316850436312,0.8538269497931195,0.5723310101764179
"frozenset({'number_inpatient_high', 'race_Caucasian'})","frozenset({'total_visits_high', 'time_in_hospital_high'})",0.0916598796919428,0.13235315129952704,0.05245259833969166,0.5722525331254872,4.323678941579777,1.0,0.04032112441472751,2.028409086885399,0.8462859503959699,0.30573831931373363,0.507002800142505,0.48428021236863805
"frozenset({'total_visits_high', 'time_in_hospital_high', 'race_Caucasian'})",frozenset({'number_inpatient_high'}),0.10397645276980011,0.11709317444668295,0.05245259833969166,0.5044661261508864,4.308245365579266,1.0,0.040277665417170164,1.7817284995983051,0.8569941558607698,0.31107533259893233,0.4387472613108831,0.47621109846287457
"frozenset({'change', 'admission_type_Elective'})","frozenset({'admission_source_Physician_Referral', 'insulin'})",0.09108834497835312,0.15064226213439638,0.059096689385171534,0.6487843137254903,4.306788178384321,1.0,0.04537493504355414,2.4183365694029586,0.8447558182153874,0.32358003442340794,0.5864926277623627,0.5205412605334271
"frozenset({'number_inpatient_high', 'diabetesMed'})","frozenset({'total_visits_high', 'num_medications_high'})",0.09257433523368626,0.1411833626244874,0.05619615071370397,0.6070381231671553,4.299643469901802,1.0,0.04312619477268558,2.185496069739177,0.8457139866589138,0.31648829162307873,0.5424379783399278,0.5025373795675874
"frozenset({'number_outpatient_high', 'gender'})","frozenset({'total_visits_high', 'race_Caucasian'})",0.058710903453498504,0.2042093531655879,0.0502379013245317,0.8556826478461914,4.1902226052904705,1.0,0.03824858570652549,5.514171615248908,0.8088367296378962,0.236210950621431,0.8186490973123511,0.5508472013370336
"frozenset({'number_outpatient_high', 'diabetesMed'})","frozenset({'total_visits_high', 'num_medications_high'})",0.10351922499892838,0.1411833626244874,0.06095417720433795,0.5888198757763975,4.170603850416226,1.0,0.04633898492270834,2.088662818994827,0.8480121257411135,0.33172628304821145,0.5212247803208121,0.5102787770745159
"frozenset({'total_visits_high', 'number_diagnoses_high', 'race_Caucasian'})",frozenset({'number_outpatient_high'}),0.10959178133081858,0.1303384914341235,0.0591538428565305,0.5397653194263363,4.141257992840496,1.0,0.044869815404293266,1.8896044676204737,0.8518873309358982,0.32722099272842237,0.47078871947245543,0.4968065799061083
"frozenset({'number_outpatient_high', 'number_diagnoses_high'})","frozenset({'total_visits_high', 'race_Caucasian'})",0.07007015588609314,0.2042093531655879,0.0591538428565305,0.8442088091353995,4.134035958925217,1.0,0.04484486164681951,5.108059335177949,0.8152288482466202,0.27497343251859724,0.8042309350024097,0.5669406766080021
"frozenset({'number_outpatient_high', 'num_medications_high'})","frozenset({'total_visits_high', 'diabetesMed'})",0.07109891837055453,0.20738137082601055,0.06095417720433795,0.857315112540193,4.134002534198049,1.0,0.04620958604840573,5.555028589816581,0.8161296126863395,0.2802154492905938,0.8199829246903987,0.5756191106314028
"frozenset({'total_visits_high', 'discharge_disposition_Home', 'race_Caucasian'})",frozenset({'number_outpatient_high'}),0.12002228985383,0.1303384914341235,0.0646405761069913,0.5385714285714286,4.132098067466408,1.0,0.04899705190897399,1.8847153436412185,0.8613765806013611,0.34805354669949223,0.4694158970086022,0.5172576502646662
"frozenset({'number_outpatient_high', 'num_medications_high'})","frozenset({'total_visits_high', 'race_Caucasian'})",0.07109891837055453,0.2042093531655879,0.05959678225956249,0.8382234726688104,4.10472615320963,1.0,0.04507771812833862,4.919073613227375,0.8142722659172952,0.2762800556401935,0.7967096899483262,0.5650325311846711
"frozenset({'number_outpatient_high', 'num_lab_procedures_high'})","frozenset({'total_visits_high', 'race_Caucasian'})",0.06139711660736994,0.2042093531655879,0.05145241259090974,0.8380265301373051,4.103761738365489,1.0,0.03891454712228655,4.913092542309582,0.8057946007031334,0.24025887376567923,0.7964622096188091,0.5449928340582971
"frozenset({'number_inpatient_high', 'race_Caucasian'})","frozenset({'total_visits_high', 'num_medications_high'})",0.0916598796919428,0.1411833626244874,0.05290982611056339,0.5772408417770849,4.088589696736448,1.0,0.03996897607789894,2.0314560209306465,0.8316454036164309,0.2940522512506948,0.5077422352752278,0.47600024074483227
"frozenset({'total_visits_high', 'change', 'race_Caucasian'})",frozenset({'number_outpatient_high'}),0.09787531970223041,0.1303384914341235,0.05199537056881992,0.5312408759124088,4.075855643771295,1.0,0.039238449050198666,1.8552417731785282,0.8365282094630465,0.2950620287034784,0.46098669485717164,0.4650832750533322
"frozenset({'number_inpatient_high', 'diabetesMed'})","frozenset({'total_visits_high', 'admission_source_Emergency_Room'})",0.09257433523368626,0.13695400574392388,0.05166673810850587,0.5581108195709215,4.075169737017222,1.0,0.038988312069171666,1.9530824298935092,0.8315958844081243,0.29048843187660667,0.48798884025876754,0.46768347446986347
"frozenset({'time_in_hospital_high', 'number_outpatient_high'})","frozenset({'total_visits_high', 'race_Caucasian'})",0.06101133067569692,0.2042093531655879,0.05076657093460214,0.8320843091334895,4.074663066283622,1.0,0.03830748656154628,4.73922742257035,0.8036102666954602,0.23672463188753412,0.7889951439684987,0.5403424624312844
"frozenset({'total_visits_high', 'race_Caucasian', 'num_medications_high'})",frozenset({'number_outpatient_high'}),0.11232085958820924,0.1303384914341235,0.05959678225956249,0.5305940720010177,4.070893150310812,1.0,0.044957050864251294,1.852685398058633,0.8498044241116689,0.32555416796753045,0.4602429527172468,0.49392014496784054
"frozenset({'number_inpatient_high', 'num_medications_high'})","frozenset({'total_visits_high', 'diabetesMed'})",0.06661237086887564,0.20738137082601055,0.05619615071370397,0.8436293436293437,4.068009292585564,1.0,0.04238198592894593,5.0688450606435405,0.8080024801183311,0.2580200747884274,0.8027164002773761,0.5573045436625429
"frozenset({'total_visits_high', 'race_Caucasian'})",frozenset({'number_outpatient_high'}),0.2042093531655879,0.1303384914341235,0.10817723291468416,0.5297369157570669,4.064316764206297,1.0,0.08156089388634329,1.8493084779680864,0.9474303178852015,0.477876664773086,0.4592573321792466,0.679854206617845
frozenset({'number_outpatient_high'}),"frozenset({'total_visits_high', 'race_Caucasian'})",0.1303384914341235,0.2042093531655879,0.10817723291468416,0.8299714974786231,4.064316764206297,1.0,0.08156089388634329,4.6803367378617065,0.8669536113466902,0.477876664773086,0.7863401596918286,0.679854206617845
"frozenset({'number_outpatient_high', 'diabetesMed'})","frozenset({'total_visits_high', 'race_Caucasian'})",0.10351922499892838,0.2042093531655879,0.08575878377412949,0.8284334023464458,4.056784811784264,1.0,0.06461918979689538,4.638377503069441,0.8405081223602845,0.3863533955584165,0.7844073710390645,0.6241943110248882
